"","week","fecha","ambito_nombre","this_year","mean","q99"
"1",5,2024-01-30,"C. I. Cataluña",0.158050221565731,0.624882189551809,0.941913746761266
"2",5,2024-01-30,"C. I. País Vasco",0.857142857142857,0.832046332046332,1
"3",5,2024-01-30,"Cantábrico Occ.",0.782608695652174,0.736687024652798,1
"4",5,2024-01-30,"Cantábrico Or.",0.876712328767123,0.774815732116499,0.945205479452055
"5",5,2024-01-30,"Duero",0.673314993122421,0.597947264431454,0.935688237477732
"6",5,2024-01-30,"Ebro",0.64447942433101,0.656461235843084,0.887881328603676
"7",5,2024-01-30,"Galicia Costa",0.759493670886076,0.708307074562904,0.936708860759494
"8",5,2024-01-30,"Guadalete-Barbate",0.145972138098122,0.547189074470057,0.943395997574287
"9",5,2024-01-30,"Guadalquivir",0.211067888066257,0.517987155642825,0.915145486197463
"10",5,2024-01-30,"Guadiana",0.328056196267561,0.552931798736308,0.919362434673621
"11",5,2024-01-30,"Júcar",0.459229058561898,0.344873369670108,0.607346182357302
"12",5,2024-01-30,"Med. Andaluza",0.183134582623509,0.487191620108029,0.814494477485132
"13",5,2024-01-30,"Miño-Sil",0.580110497237569,0.541115073231202,0.933701657458563
"14",5,2024-01-30,"Segura",0.17636684303351,0.28689611994776,0.723348017621145
"15",5,2024-01-30,"Tajo",0.510539046302695,0.452983543777155,0.702451838879159
"16",5,2024-01-30,"Tinto, Odiel, Piedras",0.707423580786026,0.800195696473714,0.989247311827957
"17",5,2024-01-30,"Total España",0.390318090426355,0.519509622255283,0.824849934099724
"18",6,2024-02-06,"C. I. Cataluña",0.156573116691285,0.624493069654106,0.941913746761266
"19",6,2024-02-06,"C. I. País Vasco",0.80952380952381,0.833204633204633,1
"20",6,2024-02-06,"Cantábrico Occ.",0.760869565217391,0.744020371822324,1
"21",6,2024-02-06,"Cantábrico Or.",0.849315068493151,0.782064922574182,0.945205479452055
"22",6,2024-02-06,"Duero",0.676066024759285,0.610396495037313,0.935688237477732
"23",6,2024-02-06,"Ebro",0.647852484821228,0.665167760953798,0.887881328603676
"24",6,2024-02-06,"Galicia Costa",0.759493670886076,0.717584673280876,0.936708860759494
"25",6,2024-02-06,"Guadalete-Barbate",0.145972138098122,0.559012364714442,0.943395997574287
"26",6,2024-02-06,"Guadalquivir",0.211820805621784,0.527378321389763,0.915145486197463
"27",6,2024-02-06,"Guadiana",0.329838540574544,0.55791214485109,0.919362434673621
"28",6,2024-02-06,"Júcar",0.463306152705708,0.351299537141581,0.607346182357302
"29",6,2024-02-06,"Med. Andaluza",0.182282793867121,0.497129372947295,0.814494477485132
"30",6,2024-02-06,"Miño-Sil",0.591160220994475,0.565461154517031,0.933701657458563
"31",6,2024-02-06,"Segura",0.17636684303351,0.292279843340132,0.723348017621145
"32",6,2024-02-06,"Tajo",0.511748445058742,0.459918899896127,0.702451838879159
"33",6,2024-02-06,"Tinto, Odiel, Piedras",0.707423580786026,0.803384077970906,0.989247311827957
"34",6,2024-02-06,"Total España",0.391916275712739,0.527437528776198,0.824849934099724
"35",7,2024-02-13,"C. I. Cataluña",0.153618906942393,0.622416415083886,0.941913746761266
"36",7,2024-02-13,"C. I. País Vasco",0.80952380952381,0.848777348777349,1
"37",7,2024-02-13,"Cantábrico Occ.",0.760869565217391,0.745936489930347,1
"38",7,2024-02-13,"Cantábrico Or.",0.835616438356164,0.788200825016657,0.945205479452055
"39",7,2024-02-13,"Duero",0.684319119669876,0.623216749324445,0.935688237477732
"40",7,2024-02-13,"Ebro",0.65504834720036,0.673290104135163,0.887881328603676
"41",7,2024-02-13,"Galicia Costa",0.746835443037975,0.723481642868718,0.936708860759494
"42",7,2024-02-13,"Guadalete-Barbate",0.155057540884313,0.56364214260104,0.943395997574287
"43",7,2024-02-13,"Guadalquivir",0.230141799472958,0.533700880011518,0.915145486197463
"44",7,2024-02-13,"Guadiana",0.346403858251206,0.552510737907664,0.919362434673621
"45",7,2024-02-13,"Júcar",0.466271312083024,0.357171901826147,0.607346182357302
"46",7,2024-02-13,"Med. Andaluza",0.185689948892675,0.504707782229308,0.814494477485132
"47",7,2024-02-13,"Miño-Sil",0.599447513812155,0.588380831206928,0.933701657458563
"48",7,2024-02-13,"Segura",0.177248677248677,0.299035545159378,0.723348017621145
"49",7,2024-02-13,"Tajo",0.530753282653766,0.467624295557197,0.702451838879159
"50",7,2024-02-13,"Tinto, Odiel, Piedras",0.755458515283843,0.799612372830146,0.989247311827957
"51",7,2024-02-13,"Total España",0.405011084188277,0.531918883921631,0.824849934099724
"52",8,2024-02-20,"C. I. Cataluña",0.150664697193501,0.622303936533325,0.941913746761266
"53",8,2024-02-20,"C. I. País Vasco",0.80952380952381,0.859073359073359,1
"54",8,2024-02-20,"Cantábrico Occ.",0.782608695652174,0.763613309303879,1
"55",8,2024-02-20,"Cantábrico Or.",0.821917808219178,0.795523384251871,0.945205479452055
"56",8,2024-02-20,"Duero",0.697042640990371,0.634317852644235,0.935688237477732
"57",8,2024-02-20,"Ebro",0.666067011468406,0.680669607509812,0.887881328603676
"58",8,2024-02-20,"Galicia Costa",0.746835443037975,0.725466805913175,0.936708860759494
"59",8,2024-02-20,"Guadalete-Barbate",0.170199878861296,0.569666890746682,0.943395997574287
"60",8,2024-02-20,"Guadalquivir",0.24545112310202,0.539941185266591,0.915145486197463
"61",8,2024-02-20,"Guadiana",0.361920738100231,0.562650031543539,0.919362434673621
"62",8,2024-02-20,"Júcar",0.470348406226835,0.362501240900454,0.607346182357302
"63",8,2024-02-20,"Med. Andaluza",0.19335604770017,0.510115650486989,0.814494477485132
"64",8,2024-02-20,"Miño-Sil",0.643646408839779,0.610030869240248,0.933701657458563
"65",8,2024-02-20,"Segura",0.182539682539683,0.305505369624878,0.723348017621145
"66",8,2024-02-20,"Tajo",0.54077401520387,0.472521528550714,0.702451838879159
"67",8,2024-02-20,"Tinto, Odiel, Piedras",0.768558951965066,0.807120836129109,0.989247311827957
"68",8,2024-02-20,"Total España",0.417435685930814,0.539336642650038,0.824849934099724
"69",9,2024-02-27,"C. I. Cataluña",0.149187592319055,0.621390201175609,0.941913746761266
"70",9,2024-02-27,"C. I. País Vasco",0.857142857142857,0.862934362934363,1
"71",9,2024-02-27,"Cantábrico Occ.",0.760869565217391,0.756975258657344,1
"72",9,2024-02-27,"Cantábrico Or.",0.821917808219178,0.802884484572672,0.945205479452055
"73",9,2024-02-27,"Duero",0.702888583218707,0.647220923726322,0.935688237477732
"74",9,2024-02-27,"Ebro",0.672813132448842,0.689225641461323,0.887881328603676
"75",9,2024-02-27,"Galicia Costa",0.79746835443038,0.734019662567297,0.936708860759494
"76",9,2024-02-27,"Guadalete-Barbate",0.171411265899455,0.574616125026382,0.943395997574287
"77",9,2024-02-27,"Guadalquivir",0.248839252101895,0.545835157409574,0.915145486197463
"78",9,2024-02-27,"Guadiana",0.365170895365905,0.568225293906947,0.919362434673621
"79",9,2024-02-27,"Júcar",0.473313565604151,0.366257563563636,0.607346182357302
"80",9,2024-02-27,"Med. Andaluza",0.192504258943782,0.515682842681342,0.814494477485132
"81",9,2024-02-27,"Miño-Sil",0.676795580110497,0.631682148164908,0.933701657458563
"82",9,2024-02-27,"Segura",0.181657848324515,0.311922808921198,0.723348017621145
"83",9,2024-02-27,"Tajo",0.545957152729786,0.479235443969963,0.702451838879159
"84",9,2024-02-27,"Tinto, Odiel, Piedras",0.77292576419214,0.811216801524154,0.989247311827957
"85",9,2024-02-27,"Total España",0.421534257874929,0.545753967307685,0.824849934099724
"86",10,2024-03-05,"C. I. Cataluña",0.144756277695716,0.62155261301714,0.941913746761266
"87",10,2024-03-05,"C. I. País Vasco",0.904761904761905,0.877091377091377,1
"88",10,2024-03-05,"Cantábrico Occ.",0.760869565217391,0.769067526865457,1
"89",10,2024-03-05,"Cantábrico Or.",0.917808219178082,0.815069046209312,0.945205479452055
"90",10,2024-03-05,"Duero",0.725928473177442,0.659515306190077,0.935688237477732
"91",10,2024-03-05,"Ebro",0.695749943782325,0.697223101555353,0.887881328603676
"92",10,2024-03-05,"Galicia Costa",0.79746835443038,0.747209067828655,0.936708860759494
"93",10,2024-03-05,"Guadalete-Barbate",0.173228346456693,0.581420634444924,0.943395997574287
"94",10,2024-03-05,"Guadalquivir",0.256493913916426,0.549399657540211,0.915145486197463
"95",10,2024-03-05,"Guadiana",0.369469490459216,0.572712523602572,0.919362434673621
"96",10,2024-03-05,"Júcar",0.477390659747961,0.370675426831876,0.607346182357302
"97",10,2024-03-05,"Med. Andaluza",0.194207836456559,0.522429229045626,0.814494477485132
"98",10,2024-03-05,"Miño-Sil",0.75414364640884,0.653556580715639,0.933701657458563
"99",10,2024-03-05,"Segura",0.185185185185185,0.318174246142173,0.723348017621145
"100",10,2024-03-05,"Tajo",0.554422944022115,0.486369201880432,0.702451838879159
"101",10,2024-03-05,"Tinto, Odiel, Piedras",0.764192139737991,0.813427166444531,0.989247311827957
"102",10,2024-03-05,"Total España",0.431097592411198,0.551902167668805,0.824849934099724
"103",11,2024-03-12,"C. I. Cataluña",0.146233382570162,0.629511557619371,0.941913746761266
"104",11,2024-03-12,"C. I. País Vasco",0.952380952380952,0.887387387387387,1
"105",11,2024-03-12,"Cantábrico Occ.",0.804347826086957,0.797558413732034,1
"106",11,2024-03-12,"Cantábrico Or.",0.931506849315068,0.81798093088656,0.945205479452055
"107",11,2024-03-12,"Duero",0.752751031636864,0.68283740159299,0.935688237477732
"108",11,2024-03-12,"Ebro",0.70474477175624,0.707152010464094,0.887881328603676
"109",11,2024-03-12,"Galicia Costa",0.835443037974684,0.765696742712066,0.936708860759494
"110",11,2024-03-12,"Guadalete-Barbate",0.201695941853422,0.594786087850701,0.943395997574287
"111",11,2024-03-12,"Guadalquivir",0.283097000878404,0.560858707186753,0.915145486197463
"112",11,2024-03-12,"Guadiana",0.390962465925771,0.579873205643588,0.919362434673621
"113",11,2024-03-12,"Júcar",0.485174203113417,0.37560192198146,0.607346182357302
"114",11,2024-03-12,"Med. Andaluza",0.212947189097104,0.52990480668232,0.814494477485132
"115",11,2024-03-12,"Miño-Sil",0.795580110497238,0.681330210699213,0.933701657458563
"116",11,2024-03-12,"Segura",0.191358024691358,0.32565062488955,0.723348017621145
"117",11,2024-03-12,"Tajo",0.584485141672426,0.495960011048246,0.702451838879159
"118",11,2024-03-12,"Tinto, Odiel, Piedras",0.781659388646288,0.817845536532219,0.989247311827957
"119",11,2024-03-12,"Total España",0.452569985049234,0.561973764445098,0.824849934099724
"120",12,2024-03-19,"C. I. Cataluña",0.152141802067947,0.63489436672818,0.941913746761266
"121",12,2024-03-19,"C. I. País Vasco",0.952380952380952,0.886100386100386,1
"122",12,2024-03-19,"Cantábrico Occ.",0.847826086956522,0.806896763930442,1
"123",12,2024-03-19,"Cantábrico Or.",0.931506849315068,0.818245229903841,0.945205479452055
"124",12,2024-03-19,"Duero",0.776478679504814,0.701255584866698,0.935688237477732
"125",12,2024-03-19,"Ebro",0.710366539239937,0.712053404530449,0.887881328603676
"126",12,2024-03-19,"Galicia Costa",0.835443037974684,0.76813205610674,0.936708860759494
"127",12,2024-03-19,"Guadalete-Barbate",0.210781344639612,0.60072255708209,0.943395997574287
"128",12,2024-03-19,"Guadalquivir",0.295896599322374,0.566612247417473,0.915145486197463
"129",12,2024-03-19,"Guadiana",0.401551687984902,0.585030301638026,0.919362434673621
"130",12,2024-03-19,"Júcar",0.499629355077835,0.380703352457566,0.607346182357302
"131",12,2024-03-19,"Med. Andaluza",0.219761499148211,0.536456321229485,0.814494477485132
"132",12,2024-03-19,"Miño-Sil",0.801104972375691,0.702460315260854,0.933701657458563
"133",12,2024-03-19,"Segura",0.202821869488536,0.332740431385682,0.723348017621145
"134",12,2024-03-19,"Tajo",0.604526606772633,0.503590164295879,0.702451838879159
"135",12,2024-03-19,"Tinto, Odiel, Piedras",0.790393013100437,0.817583967508395,0.989247311827957
"136",12,2024-03-19,"Total España",0.465407021704387,0.56880737944917,0.824849934099724
"137",13,2024-03-26,"C. I. Cataluña",0.155096011816839,0.638759968886495,0.941913746761266
"138",13,2024-03-26,"C. I. País Vasco",0.904761904761905,0.883526383526383,1
"139",13,2024-03-26,"Cantábrico Occ.",0.826086956521739,0.825868152997271,1
"140",13,2024-03-26,"Cantábrico Or.",0.931506849315068,0.821329795886343,0.945205479452055
"141",13,2024-03-26,"Duero",0.809834938101788,0.719786577918128,0.935688237477732
"142",13,2024-03-26,"Ebro",0.718012143017765,0.714777258022692,0.887881328603676
"143",13,2024-03-26,"Galicia Costa",0.848101265822785,0.772620055098403,0.936708860759494
"144",13,2024-03-26,"Guadalete-Barbate",0.213809812235009,0.603923289421302,0.943395997574287
"145",13,2024-03-26,"Guadalquivir",0.30041410465554,0.570048457540928,0.915145486197463
"146",13,2024-03-26,"Guadiana",0.404382470119522,0.587304602523494,0.919362434673621
"147",13,2024-03-26,"Júcar",0.50407709414381,0.386595809225298,0.607346182357302
"148",13,2024-03-26,"Med. Andaluza",0.223168654173765,0.542581403107279,0.814494477485132
"149",13,2024-03-26,"Miño-Sil",0.853591160220994,0.72508362573559,0.933701657458563
"150",13,2024-03-26,"Segura",0.205467372134039,0.338203833250054,0.723348017621145
"151",13,2024-03-26,"Tajo",0.611782999308915,0.510023103017367,0.702451838879159
"152",13,2024-03-26,"Tinto, Odiel, Piedras",0.786026200873362,0.814178874701674,0.989247311827957
"153",13,2024-03-26,"Total España",0.472598855493117,0.57396252895563,0.824849934099724
"154",14,2024-04-02,"C. I. Cataluña",0.163958641063516,0.642203283044717,0.941913746761266
"155",14,2024-04-02,"C. I. País Vasco",0.904761904761905,0.893951093951094,1
"156",14,2024-04-02,"Cantábrico Occ.",0.804347826086957,0.851555574249106,1
"157",14,2024-04-02,"Cantábrico Or.",0.931506849315068,0.820599758497999,0.945205479452055
"158",14,2024-04-02,"Duero",0.83665749656121,0.737815402072169,0.935688237477732
"159",14,2024-04-02,"Ebro",0.74499662693951,0.720366626145756,0.887881328603676
"160",14,2024-04-02,"Galicia Costa",0.873417721518987,0.788384320363001,0.936708860759494
"161",14,2024-04-02,"Guadalete-Barbate",0.271956390066626,0.607484322508806,0.943395997574287
"162",14,2024-04-02,"Guadalquivir",0.425900363910152,0.576304978496881,0.915145486197463
"163",14,2024-04-02,"Guadiana",0.484378276368211,0.593265569288413,0.919362434673621
"164",14,2024-04-02,"Júcar",0.530763528539659,0.392063747410248,0.607346182357302
"165",14,2024-04-02,"Med. Andaluza",0.269165247018739,0.547059639024566,0.814494477485132
"166",14,2024-04-02,"Miño-Sil",0.875690607734807,0.74823017872558,0.933701657458563
"167",14,2024-04-02,"Segura",0.223985890652557,0.343200550241655,0.723348017621145
"168",14,2024-04-02,"Tajo",0.652211472011057,0.516907455307221,0.702451838879159
"169",14,2024-04-02,"Tinto, Odiel, Piedras",0.842794759825327,0.814948682402035,0.989247311827957
"170",14,2024-04-02,"Total España",0.536165386399959,0.580933289082271,0.824849934099724
"171",15,2024-04-09,"C. I. Cataluña",0.175775480059084,0.647515023794172,0.941913746761266
"172",15,2024-04-09,"C. I. País Vasco",0.904761904761905,0.903346203346203,1
"173",15,2024-04-09,"Cantábrico Occ.",0.826086956521739,0.853558538642826,1
"174",15,2024-04-09,"Cantábrico Or.",0.917808219178082,0.828168689850136,0.945205479452055
"175",15,2024-04-09,"Duero",0.869669876203576,0.75131642801205,0.935688237477732
"176",15,2024-04-09,"Ebro",0.750618394423207,0.725162258907761,0.887881328603676
"177",15,2024-04-09,"Galicia Costa",0.89873417721519,0.801164088805661,0.936708860759494
"178",15,2024-04-09,"Guadalete-Barbate",0.298606904906118,0.609569295515527,0.943395997574287
"179",15,2024-04-09,"Guadalquivir",0.45877776383486,0.578836569957522,0.915145486197463
"180",15,2024-04-09,"Guadiana",0.511532816104005,0.594788488415276,0.919362434673621
"181",15,2024-04-09,"Júcar",0.545218680504077,0.396114515381938,0.607346182357302
"182",15,2024-04-09,"Med. Andaluza",0.293867120954003,0.54938172624086,0.814494477485132
"183",15,2024-04-09,"Miño-Sil",0.875690607734807,0.761073610915211,0.933701657458563
"184",15,2024-04-09,"Segura",0.239858906525573,0.346960627813165,0.723348017621145
"185",15,2024-04-09,"Tajo",0.681409813407049,0.521872575440054,0.702451838879159
"186",15,2024-04-09,"Tinto, Odiel, Piedras",0.851528384279476,0.815947183787344,0.989247311827957
"187",15,2024-04-09,"Total España",0.560731040882611,0.585060032330962,0.824849934099724
"188",16,2024-04-16,"C. I. Cataluña",0.180206794682422,0.655743866594975,0.941913746761266
"189",16,2024-04-16,"C. I. País Vasco",0.904761904761905,0.8996138996139,1
"190",16,2024-04-16,"Cantábrico Occ.",0.826086956521739,0.872507900609703,1
"191",16,2024-04-16,"Cantábrico Or.",0.89041095890411,0.828403865780196,0.945205479452055
"192",16,2024-04-16,"Duero",0.883425034387895,0.768401978783745,0.935688237477732
"193",16,2024-04-16,"Ebro",0.747919946031032,0.733655747381402,0.887881328603676
"194",16,2024-04-16,"Galicia Costa",0.924050632911392,0.805679096818337,0.936708860759494
"195",16,2024-04-16,"Guadalete-Barbate",0.30526953361599,0.611253096408279,0.943395997574287
"196",16,2024-04-16,"Guadalquivir",0.465177563056845,0.581636594871099,0.915145486197463
"197",16,2024-04-16,"Guadiana",0.516355630111134,0.597081142216922,0.919362434673621
"198",16,2024-04-16,"Júcar",0.550037064492216,0.400257246305254,0.607346182357302
"199",16,2024-04-16,"Med. Andaluza",0.304940374787053,0.551708862247297,0.814494477485132
"200",16,2024-04-16,"Miño-Sil",0.911602209944751,0.772797965930915,0.933701657458563
"201",16,2024-04-16,"Segura",0.241622574955908,0.349785413137651,0.723348017621145
"202",16,2024-04-16,"Tajo",0.685729094678646,0.52855502030503,0.702451838879159
"203",16,2024-04-16,"Tinto, Odiel, Piedras",0.851528384279476,0.821709672005815,0.989247311827957
"204",16,2024-04-16,"Total España",0.566015363200495,0.590350797550734,0.824849934099724
"205",17,2024-04-23,"C. I. Cataluña",0.181683899556869,0.658591028487544,0.941913746761266
"206",17,2024-04-23,"C. I. País Vasco",0.904761904761905,0.904890604890605,1
"207",17,2024-04-23,"Cantábrico Occ.",0.847826086956522,0.882542178388158,1
"208",17,2024-04-23,"Cantábrico Or.",0.89041095890411,0.842634111271599,0.945205479452055
"209",17,2024-04-23,"Duero",0.893053645116919,0.783206712723989,0.935688237477732
"210",17,2024-04-23,"Ebro",0.742298178547335,0.743403195316054,0.887881328603676
"211",17,2024-04-23,"Galicia Costa",0.924050632911392,0.830815492374453,0.936708860759494
"212",17,2024-04-23,"Guadalete-Barbate",0.30587522713507,0.611695065327118,0.943395997574287
"213",17,2024-04-23,"Guadalquivir",0.468816664575229,0.585497429640848,0.915145486197463
"214",17,2024-04-23,"Guadiana",0.516775005242189,0.597711763563648,0.919362434673621
"215",17,2024-04-23,"Júcar",0.550037064492216,0.404224370649053,0.607346182357302
"216",17,2024-04-23,"Med. Andaluza",0.310902896081772,0.552349665219052,0.814494477485132
"217",17,2024-04-23,"Miño-Sil",0.925414364640884,0.79064508563598,0.933701657458563
"218",17,2024-04-23,"Segura",0.238977072310406,0.351320586608072,0.723348017621145
"219",17,2024-04-23,"Tajo",0.687111264685556,0.534831031825347,0.702451838879159
"220",17,2024-04-23,"Tinto, Odiel, Piedras",0.85589519650655,0.818242897683474,0.989247311827957
"221",17,2024-04-23,"Total España",0.567484662576687,0.595153359693626,0.824849934099724
"222",18,2024-04-30,"C. I. Cataluña",0.181683899556869,0.66779020388231,0.941913746761266
"223",18,2024-04-30,"C. I. País Vasco",0.904761904761905,0.915572715572716,1
"224",18,2024-04-30,"Cantábrico Occ.",0.847826086956522,0.882529460984136,1
"225",18,2024-04-30,"Cantábrico Or.",0.863013698630137,0.849383891788833,0.945205479452055
"226",18,2024-04-30,"Duero",0.896836313617607,0.792509947983657,0.935688237477732
"227",18,2024-04-30,"Ebro",0.735327186867551,0.753776883343163,0.887881328603676
"228",18,2024-04-30,"Galicia Costa",0.936708860759494,0.837986387453409,0.936708860759494
"229",18,2024-04-30,"Guadalete-Barbate",0.307086614173228,0.610384964280157,0.943395997574287
"230",18,2024-04-30,"Guadalquivir",0.46994604090852,0.587346832736576,0.915145486197463
"231",18,2024-04-30,"Guadiana",0.515202348500734,0.595499704031795,0.919362434673621
"232",18,2024-04-30,"Júcar",0.550037064492216,0.405551156311609,0.607346182357302
"233",18,2024-04-30,"Med. Andaluza",0.314310051107325,0.551001188935814,0.814494477485132
"234",18,2024-04-30,"Miño-Sil",0.925414364640884,0.808041968599658,0.933701657458563
"235",18,2024-04-30,"Segura",0.240740740740741,0.352516819736779,0.723348017621145
"236",18,2024-04-30,"Tajo",0.682446440912232,0.538299053781706,0.702451838879159
"237",18,2024-04-30,"Tinto, Odiel, Piedras",0.847161572052402,0.815937384638344,0.989247311827957
"238",18,2024-04-30,"Total España",0.566247357838841,0.597823377214476,0.824849934099724
"239",19,2024-05-07,"C. I. Cataluña",0.23781388478582,0.676805578751795,0.941913746761266
"240",19,2024-05-07,"C. I. País Vasco",0.904761904761905,0.907850707850708,1
"241",19,2024-05-07,"Cantábrico Occ.",0.891304347826087,0.909660894796376,1
"242",19,2024-05-07,"Cantábrico Or.",0.849315068493151,0.85366157924937,0.945205479452055
"243",19,2024-05-07,"Duero",0.902682255845942,0.798207937883433,0.935688237477732
"244",19,2024-05-07,"Ebro",0.7407240836519,0.761342034311161,0.887881328603676
"245",19,2024-05-07,"Galicia Costa",0.936708860759494,0.847921205682698,0.936708860759494
"246",19,2024-05-07,"Guadalete-Barbate",0.30587522713507,0.607970986587579,0.943395997574287
"247",19,2024-05-07,"Guadalquivir",0.469820554649266,0.587867069216202,0.915145486197463
"248",19,2024-05-07,"Guadiana",0.513734535542042,0.595734544713185,0.919362434673621
"249",19,2024-05-07,"Júcar",0.548554484803558,0.405538407357078,0.607346182357302
"250",19,2024-05-07,"Med. Andaluza",0.317717206132879,0.550353092520342,0.814494477485132
"251",19,2024-05-07,"Miño-Sil",0.933701657458563,0.822677661515451,0.933701657458563
"252",19,2024-05-07,"Segura",0.238977072310406,0.35349686750052,0.723348017621145
"253",19,2024-05-07,"Tajo",0.678818244644091,0.539315661062689,0.702451838879159
"254",19,2024-05-07,"Tinto, Odiel, Piedras",0.851528384279476,0.815935662841774,0.989247311827957
"255",19,2024-05-07,"Total España",0.567381553848533,0.599632090141092,0.824849934099724
"256",20,2024-05-14,"C. I. Cataluña",0.255539143279173,0.692260573491571,0.941913746761266
"257",20,2024-05-14,"C. I. País Vasco",0.904761904761905,0.909137709137709,1
"258",20,2024-05-14,"Cantábrico Occ.",0.91304347826087,0.919063336860536,1
"259",20,2024-05-14,"Cantábrico Or.",0.835616438356164,0.853026327908916,0.945205479452055
"260",20,2024-05-14,"Duero",0.906808803301238,0.801396397065462,0.935688237477732
"261",20,2024-05-14,"Ebro",0.740948954351248,0.770844064192513,0.887881328603676
"262",20,2024-05-14,"Galicia Costa",0.936708860759494,0.852368691142842,0.936708860759494
"263",20,2024-05-14,"Guadalete-Barbate",0.302846759539673,0.606046154880212,0.943395997574287
"264",20,2024-05-14,"Guadalquivir",0.468314719538211,0.588734077910066,0.915145486197463
"265",20,2024-05-14,"Guadiana",0.510065003145313,0.59359577970761,0.919362434673621
"266",20,2024-05-14,"Júcar",0.539288361749444,0.40538169322583,0.607346182357302
"267",20,2024-05-14,"Med. Andaluza",0.317717206132879,0.550174362389399,0.814494477485132
"268",20,2024-05-14,"Miño-Sil",0.955801104972376,0.835743213255036,0.933701657458563
"269",20,2024-05-14,"Segura",0.238095238095238,0.353265688300919,0.723348017621145
"270",20,2024-05-14,"Tajo",0.67294402211472,0.539586034707055,0.702451838879159
"271",20,2024-05-14,"Tinto, Odiel, Piedras",0.842794759825327,0.813002506928945,0.989247311827957
"272",20,2024-05-14,"Total España",0.565293602103418,0.600929457335064,0.824849934099724
"273",21,2024-05-21,"C. I. Cataluña",0.270310192023634,0.694216016206967,0.941913746761266
"274",21,2024-05-21,"C. I. País Vasco",0.904761904761905,0.907722007722008,1
"275",21,2024-05-21,"Cantábrico Occ.",0.91304347826087,0.932677537131408,1
"276",21,2024-05-21,"Cantábrico Or.",0.876712328767123,0.849880198400312,0.945205479452055
"277",21,2024-05-21,"Duero",0.907496561210454,0.804226166172444,0.935688237477732
"278",21,2024-05-21,"Ebro",0.752642230717337,0.777975983896272,0.887881328603676
"279",21,2024-05-21,"Galicia Costa",0.936708860759494,0.854736481984983,0.936708860759494
"280",21,2024-05-21,"Guadalete-Barbate",0.299818291944276,0.601698231983558,0.943395997574287
"281",21,2024-05-21,"Guadalquivir",0.464926590538336,0.586286034988637,0.915145486197463
"282",21,2024-05-21,"Guadiana",0.506814845879639,0.590527358930568,0.919362434673621
"283",21,2024-05-21,"Júcar",0.53409933283914,0.402925148282916,0.607346182357302
"284",21,2024-05-21,"Med. Andaluza",0.315161839863714,0.548444841270876,0.814494477485132
"285",21,2024-05-21,"Miño-Sil",0.977900552486188,0.844327492733547,0.933701657458563
"286",21,2024-05-21,"Segura",0.2336860670194,0.35049153662831,0.723348017621145
"287",21,2024-05-21,"Tajo",0.66620594333103,0.540093971012847,0.702451838879159
"288",21,2024-05-21,"Tinto, Odiel, Piedras",0.851528384279476,0.809372458999548,0.989247311827957
"289",21,2024-05-21,"Total España",0.564082074547611,0.600404137464199,0.824849934099724
"290",22,2024-05-28,"C. I. Cataluña",0.288035450516987,0.703364601460906,0.941913746761266
"291",22,2024-05-28,"C. I. País Vasco",0.952380952380952,0.897554697554698,1
"292",22,2024-05-28,"Cantábrico Occ.",0.934782608695652,0.940550290478985,1
"293",22,2024-05-28,"Cantábrico Or.",0.89041095890411,0.847254110019187,0.945205479452055
"294",22,2024-05-28,"Duero",0.90818431911967,0.80328649961762,0.935688237477732
"295",22,2024-05-28,"Ebro",0.762086800089948,0.783151015055348,0.887881328603676
"296",22,2024-05-28,"Galicia Costa",0.936708860759494,0.85715829086915,0.936708860759494
"297",22,2024-05-28,"Guadalete-Barbate",0.295578437310721,0.595474219903487,0.943395997574287
"298",22,2024-05-28,"Guadalquivir",0.458275818797842,0.582046147920474,0.915145486197463
"299",22,2024-05-28,"Guadiana",0.502306563220801,0.586873796112721,0.919362434673621
"300",22,2024-05-28,"Júcar",0.526686434395849,0.400279685306765,0.607346182357302
"301",22,2024-05-28,"Med. Andaluza",0.316013628620102,0.547037287782673,0.814494477485132
"302",22,2024-05-28,"Miño-Sil",0.969613259668508,0.845895152127074,0.933701657458563
"303",22,2024-05-28,"Segura",0.225749559082892,0.34876779428558,0.723348017621145
"304",22,2024-05-28,"Tajo",0.66085003455425,0.53878927213023,0.702451838879159
"305",22,2024-05-28,"Tinto, Odiel, Piedras",0.851528384279476,0.805770892740889,0.989247311827957
"306",22,2024-05-28,"Total España",0.561349693251534,0.59867007689999,0.824849934099724
"307",23,2024-06-04,"C. I. Cataluña",0.307237813884786,0.707256642380317,0.941913746761266
"308",23,2024-06-04,"C. I. País Vasco",0.952380952380952,0.893693693693694,1
"309",23,2024-06-04,"Cantábrico Occ.",0.934782608695652,0.946372506287671,1
"310",23,2024-06-04,"Cantábrico Or.",0.876712328767123,0.8382596145487,0.945205479452055
"311",23,2024-06-04,"Duero",0.896492434662999,0.798257699299171,0.935688237477732
"312",23,2024-06-04,"Ebro",0.759388351697774,0.783237496209789,0.887881328603676
"313",23,2024-06-04,"Galicia Costa",0.936708860759494,0.860304841817167,0.936708860759494
"314",23,2024-06-04,"Guadalete-Barbate",0.290127195639007,0.588729408429607,0.943395997574287
"315",23,2024-06-04,"Guadalquivir",0.450746643242565,0.575769617839043,0.915145486197463
"316",23,2024-06-04,"Guadiana",0.49685468651709,0.582156130448116,0.919362434673621
"317",23,2024-06-04,"Júcar",0.518902891030393,0.396689408953547,0.607346182357302
"318",23,2024-06-04,"Med. Andaluza",0.313458262350937,0.543824204870423,0.814494477485132
"319",23,2024-06-04,"Miño-Sil",0.955801104972376,0.841863496161716,0.933701657458563
"320",23,2024-06-04,"Segura",0.222222222222222,0.346461630466681,0.723348017621145
"321",23,2024-06-04,"Tajo",0.653075328265377,0.535159900939834,0.702451838879159
"322",23,2024-06-04,"Tinto, Odiel, Piedras",0.851528384279476,0.8000089142416,0.989247311827957
"323",23,2024-06-04,"Total España",0.555343609836573,0.594709538738112,0.824849934099724
"324",24,2024-06-11,"C. I. Cataluña",0.327917282127031,0.710646241804404,0.941913746761266
"325",24,2024-06-11,"C. I. País Vasco",0.952380952380952,0.884555984555984,1
"326",24,2024-06-11,"Cantábrico Occ.",0.934782608695652,0.943620455779011,1
"327",24,2024-06-11,"Cantábrico Or.",0.876712328767123,0.82988778408444,0.945205479452055
"328",24,2024-06-11,"Duero",0.885832187070151,0.788807873146107,0.935688237477732
"329",24,2024-06-11,"Ebro",0.753316842815381,0.781991262728311,0.887881328603676
"330",24,2024-06-11,"Galicia Costa",0.936708860759494,0.856883699155518,0.936708860759494
"331",24,2024-06-11,"Guadalete-Barbate",0.284675953967293,0.581574748362503,0.943395997574287
"332",24,2024-06-11,"Guadalquivir",0.443091981428034,0.568030536067781,0.915145486197463
"333",24,2024-06-11,"Guadiana",0.491612497378905,0.575795799311038,0.919362434673621
"334",24,2024-06-11,"Júcar",0.511860637509266,0.393034725666297,0.607346182357302
"335",24,2024-06-11,"Med. Andaluza",0.313458262350937,0.539606761742627,0.814494477485132
"336",24,2024-06-11,"Miño-Sil",0.94475138121547,0.833425435046163,0.933701657458563
"337",24,2024-06-11,"Segura",0.21957671957672,0.343373552713074,0.723348017621145
"338",24,2024-06-11,"Tajo",0.645991706979959,0.529847516279131,0.702451838879159
"339",24,2024-06-11,"Tinto, Odiel, Piedras",0.838427947598253,0.789913523624781,0.989247311827957
"340",24,2024-06-11,"Total España",0.549311749239573,0.589150639627565,0.824849934099724
"341",25,2024-06-18,"C. I. Cataluña",0.363367799113737,0.710102673152818,0.941913746761266
"342",25,2024-06-18,"C. I. País Vasco",0.904761904761905,0.871685971685972,1
"343",25,2024-06-18,"Cantábrico Occ.",0.934782608695652,0.939299270139947,1
"344",25,2024-06-18,"Cantábrico Or.",0.849315068493151,0.815086837095253,0.945205479452055
"345",25,2024-06-18,"Duero",0.873452544704264,0.774136722040653,0.935688237477732
"346",25,2024-06-18,"Ebro",0.747245333932989,0.773727130846701,0.887881328603676
"347",25,2024-06-18,"Galicia Costa",0.936708860759494,0.853079928696185,0.936708860759494
"348",25,2024-06-18,"Guadalete-Barbate",0.281647486371896,0.574765324564218,0.943395997574287
"349",25,2024-06-18,"Guadalquivir",0.436064750909775,0.559875576637759,0.915145486197463
"350",25,2024-06-18,"Guadiana",0.485321870413084,0.569394473695436,0.919362434673621
"351",25,2024-06-18,"Júcar",0.507042253521127,0.388861342615143,0.607346182357302
"352",25,2024-06-18,"Med. Andaluza",0.310051107325383,0.533911791105107,0.814494477485132
"353",25,2024-06-18,"Miño-Sil",0.939226519337017,0.82013445471305,0.933701657458563
"354",25,2024-06-18,"Segura",0.23015873015873,0.339912560923846,0.723348017621145
"355",25,2024-06-18,"Tajo",0.637871458189357,0.522614661675227,0.702451838879159
"356",25,2024-06-18,"Tinto, Odiel, Piedras",0.842794759825327,0.783382317073777,0.989247311827957
"357",25,2024-06-18,"Total España",0.543743877919266,0.581831152483744,0.824849934099724
"358",26,2024-06-25,"C. I. Cataluña",0.372230428360414,0.705677118493046,0.941913746761266
"359",26,2024-06-25,"C. I. País Vasco",0.904761904761905,0.865250965250965,1
"360",26,2024-06-25,"Cantábrico Occ.",0.934782608695652,0.927459116712051,1
"361",26,2024-06-25,"Cantábrico Or.",0.835616438356164,0.812858673896585,0.945205479452055
"362",26,2024-06-25,"Duero",0.864167812929849,0.75253588202277,0.935688237477732
"363",26,2024-06-25,"Ebro",0.745896109736901,0.760148647595868,0.887881328603676
"364",26,2024-06-25,"Galicia Costa",0.949367088607595,0.844815168266201,0.936708860759494
"365",26,2024-06-25,"Guadalete-Barbate",0.276196244700182,0.566188818458825,0.943395997574287
"366",26,2024-06-25,"Guadalquivir",0.428661061613753,0.549234938725743,0.915145486197463
"367",26,2024-06-25,"Guadiana",0.4800796812749,0.560905592799709,0.919362434673621
"368",26,2024-06-25,"Júcar",0.503335804299481,0.383809458279237,0.607346182357302
"369",26,2024-06-25,"Med. Andaluza",0.30664395229983,0.527613490942119,0.814494477485132
"370",26,2024-06-25,"Miño-Sil",0.92817679558011,0.799227917407927,0.933701657458563
"371",26,2024-06-25,"Segura",0.223985890652557,0.334494343852809,0.723348017621145
"372",26,2024-06-25,"Tajo",0.629232895646164,0.513017179837505,0.702451838879159
"373",26,2024-06-25,"Tinto, Odiel, Piedras",0.851528384279476,0.776490349553172,0.989247311827957
"374",26,2024-06-25,"Total España",0.538124452234882,0.571754490413599,0.824849934099724
"375",27,2024-07-02,"C. I. Cataluña",0.37370753323486,0.695588714152061,0.941913746761266
"376",27,2024-07-02,"C. I. País Vasco",1,0.84967824967825,1
"377",27,2024-07-02,"Cantábrico Occ.",0.91304347826087,0.918946086459891,1
"378",27,2024-07-02,"Cantábrico Or.",0.835616438356164,0.800866126614618,0.945205479452055
"379",27,2024-07-02,"Duero",0.851788170563961,0.72475557995644,0.935688237477732
"380",27,2024-07-02,"Ebro",0.734877445468855,0.740890065414926,0.887881328603676
"381",27,2024-07-02,"Galicia Costa",0.936708860759494,0.835852674793381,0.936708860759494
"382",27,2024-07-02,"Guadalete-Barbate",0.270745003028468,0.556835668755795,0.943395997574287
"383",27,2024-07-02,"Guadalquivir",0.41987702346593,0.53767414522346,0.915145486197463
"384",27,2024-07-02,"Guadiana",0.473579366743552,0.552385659468496,0.919362434673621
"385",27,2024-07-02,"Júcar",0.493328391401038,0.37642609141133,0.607346182357302
"386",27,2024-07-02,"Med. Andaluza",0.301533219761499,0.520168574351997,0.814494477485132
"387",27,2024-07-02,"Miño-Sil",0.908839779005525,0.776455079526658,0.933701657458563
"388",27,2024-07-02,"Segura",0.21957671957672,0.326548969650164,0.723348017621145
"389",27,2024-07-02,"Tajo",0.62232204561161,0.501858729979713,0.702451838879159
"390",27,2024-07-02,"Tinto, Odiel, Piedras",0.842794759825327,0.767054485909445,0.989247311827957
"391",27,2024-07-02,"Total España",0.530081971438882,0.559678479353914,0.824849934099724
"392",28,2024-07-09,"C. I. Cataluña",0.372230428360414,0.68559483151262,0.941913746761266
"393",28,2024-07-09,"C. I. País Vasco",0.952380952380952,0.836808236808237,1
"394",28,2024-07-09,"Cantábrico Occ.",0.91304347826087,0.907293098136701,1
"395",28,2024-07-09,"Cantábrico Or.",0.835616438356164,0.788563044414086,0.945205479452055
"396",28,2024-07-09,"Duero",0.823246217331499,0.691793111335912,0.935688237477732
"397",28,2024-07-09,"Ebro",0.720260850011244,0.71612025203337,0.887881328603676
"398",28,2024-07-09,"Galicia Costa",0.936708860759494,0.821771971838594,0.936708860759494
"399",28,2024-07-09,"Guadalete-Barbate",0.265293761356753,0.546967952056009,0.943395997574287
"400",28,2024-07-09,"Guadalquivir",0.410214581503325,0.525592502860438,0.915145486197463
"401",28,2024-07-09,"Guadiana",0.466135458167331,0.542983275285352,0.919362434673621
"402",28,2024-07-09,"Júcar",0.485544848035582,0.367635609828746,0.607346182357302
"403",28,2024-07-09,"Med. Andaluza",0.29557069846678,0.512513041433735,0.814494477485132
"404",28,2024-07-09,"Miño-Sil",0.897790055248619,0.7478577045082,0.933701657458563
"405",28,2024-07-09,"Segura",0.216931216931217,0.317444964716778,0.723348017621145
"406",28,2024-07-09,"Tajo",0.61247408431237,0.489763613434363,0.702451838879159
"407",28,2024-07-09,"Tinto, Odiel, Piedras",0.842794759825327,0.752834950055723,0.989247311827957
"408",28,2024-07-09,"Total España",0.519796875805537,0.545912514739433,0.824849934099724
"409",29,2024-07-16,"C. I. Cataluña",0.367799113737075,0.673095835992928,0.941913746761266
"410",29,2024-07-16,"C. I. País Vasco",0.904761904761905,0.825096525096525,1
"411",29,2024-07-16,"Cantábrico Occ.",0.934782608695652,0.896767306062658,1
"412",29,2024-07-16,"Cantábrico Or.",0.835616438356164,0.775836864362644,0.945205479452055
"413",29,2024-07-16,"Duero",0.791609353507565,0.659209870868604,0.935688237477732
"414",29,2024-07-16,"Ebro",0.697773780076456,0.685334512577804,0.887881328603676
"415",29,2024-07-16,"Galicia Costa",0.949367088607595,0.8103741649711,0.936708860759494
"416",29,2024-07-16,"Guadalete-Barbate",0.261053906723198,0.537233083873699,0.943395997574287
"417",29,2024-07-16,"Guadalquivir",0.400928598318484,0.512581075428475,0.915145486197463
"418",29,2024-07-16,"Guadiana",0.457852799329,0.533240812596476,0.919362434673621
"419",29,2024-07-16,"Júcar",0.475537435137139,0.3590564088278,0.607346182357302
"420",29,2024-07-16,"Med. Andaluza",0.292163543441227,0.505058034868939,0.814494477485132
"421",29,2024-07-16,"Miño-Sil",0.903314917127072,0.714032661087343,0.933701657458563
"422",29,2024-07-16,"Segura",0.211640211640212,0.307175031882677,0.723348017621145
"423",29,2024-07-16,"Tajo",0.600034554250173,0.475578532597721,0.702451838879159
"424",29,2024-07-16,"Tinto, Odiel, Piedras",0.834061135371179,0.741466040495215,0.989247311827957
"425",29,2024-07-16,"Total España",0.50786204052173,0.530861833560627,0.824849934099724
"426",30,2024-07-23,"C. I. Cataluña",0.358936484490399,0.659932092902306,0.941913746761266
"427",30,2024-07-23,"C. I. País Vasco",0.904761904761905,0.833719433719434,1
"428",30,2024-07-23,"Cantábrico Occ.",0.934782608695652,0.876586398819185,1
"429",30,2024-07-23,"Cantábrico Or.",0.821917808219178,0.761809693398358,0.945205479452055
"430",30,2024-07-23,"Duero",0.754126547455296,0.622729467190487,0.935688237477732
"431",30,2024-07-23,"Ebro",0.665167528671014,0.654799651923694,0.887881328603676
"432",30,2024-07-23,"Galicia Costa",0.924050632911392,0.790081387183319,0.936708860759494
"433",30,2024-07-23,"Guadalete-Barbate",0.254391278013325,0.526944258799903,0.943395997574287
"434",30,2024-07-23,"Guadalquivir",0.39101518383737,0.499058941730695,0.915145486197463
"435",30,2024-07-23,"Guadiana",0.449989515621724,0.524128390762086,0.919362434673621
"436",30,2024-07-23,"Júcar",0.462935507783543,0.34884301458844,0.607346182357302
"437",30,2024-07-23,"Med. Andaluza",0.285349233390119,0.497173698605493,0.814494477485132
"438",30,2024-07-23,"Miño-Sil",0.906077348066298,0.679312107749077,0.933701657458563
"439",30,2024-07-23,"Segura",0.205467372134039,0.296547486983778,0.723348017621145
"440",30,2024-07-23,"Tajo",0.5860400829302,0.461226049339325,0.702451838879159
"441",30,2024-07-23,"Tinto, Odiel, Piedras",0.820960698689956,0.73290435560683,0.989247311827957
"442",30,2024-07-23,"Total España",0.493426818580193,0.515347770508444,0.824849934099724
"443",31,2024-07-30,"C. I. Cataluña",0.348596750369276,0.646643948061435,0.941913746761266
"444",31,2024-07-30,"C. I. País Vasco",0.904761904761905,0.794079794079794,1
"445",31,2024-07-30,"Cantábrico Occ.",0.891304347826087,0.847521301373643,1
"446",31,2024-07-30,"Cantábrico Or.",0.821917808219178,0.750833351840295,0.945205479452055
"447",31,2024-07-30,"Duero",0.71423658872077,0.584426830731205,0.935688237477732
"448",31,2024-07-30,"Ebro",0.628738475376658,0.619118984170246,0.887881328603676
"449",31,2024-07-30,"Galicia Costa",0.924050632911392,0.781118893710499,0.936708860759494
"450",31,2024-07-30,"Guadalete-Barbate",0.248940036341611,0.51607126078763,0.943395997574287
"451",31,2024-07-30,"Guadalquivir",0.380223365541473,0.486535425942474,0.915145486197463
"452",31,2024-07-30,"Guadiana",0.449360452925142,0.514572783382347,0.919362434673621
"453",31,2024-07-30,"Júcar",0.448480355819125,0.339485350468487,0.607346182357302
"454",31,2024-07-30,"Med. Andaluza",0.281090289608177,0.488543247639819,0.814494477485132
"455",31,2024-07-30,"Miño-Sil",0.892265193370166,0.655343257430768,0.933701657458563
"456",31,2024-07-30,"Segura",0.199294532627866,0.287013147818438,0.723348017621145
"457",31,2024-07-30,"Tajo",0.57256392536282,0.446470090534274,0.702451838879159
"458",31,2024-07-30,"Tinto, Odiel, Piedras",0.820960698689956,0.722865029704592,0.989247311827957
"459",31,2024-07-30,"Total España",0.479971129556117,0.499299743852212,0.824849934099724
"460",32,2024-08-06,"C. I. Cataluña",0.342688330871492,0.636463786797484,0.941913746761266
"461",32,2024-08-06,"C. I. País Vasco",0.904761904761905,0.786486486486486,1
"462",32,2024-08-06,"Cantábrico Occ.",0.891304347826087,0.818929471048533,1
"463",32,2024-08-06,"Cantábrico Or.",0.808219178082192,0.738026188204107,0.945205479452055
"464",32,2024-08-06,"Duero",0.674690508940853,0.547558702580824,0.935688237477732
"465",32,2024-08-06,"Ebro",0.588936361592085,0.58372113829972,0.887881328603676
"466",32,2024-08-06,"Galicia Costa",0.873417721518987,0.757760592037741,0.936708860759494
"467",32,2024-08-06,"Guadalete-Barbate",0.244094488188976,0.50415262961394,0.943395997574287
"468",32,2024-08-06,"Guadalquivir",0.368553143430794,0.47420366348838,0.915145486197463
"469",32,2024-08-06,"Guadiana",0.435206542252044,0.505451635841083,0.919362434673621
"470",32,2024-08-06,"Júcar",0.437361008154188,0.330274898763568,0.607346182357302
"471",32,2024-08-06,"Med. Andaluza",0.275979557069847,0.48016572165518,0.814494477485132
"472",32,2024-08-06,"Miño-Sil",0.859116022099447,0.632940205168974,0.933701657458563
"473",32,2024-08-06,"Segura",0.194885361552028,0.278781435500186,0.723348017621145
"474",32,2024-08-06,"Tajo",0.558742225293711,0.432023769541198,0.702451838879159
"475",32,2024-08-06,"Tinto, Odiel, Piedras",0.820960698689956,0.711520993587748,0.989247311827957
"476",32,2024-08-06,"Total España",0.462700417590349,0.48366467683245,0.824849934099724
"477",33,2024-08-13,"C. I. Cataluña",0.332348596750369,0.62400205067852,0.941913746761266
"478",33,2024-08-13,"C. I. País Vasco",0.904761904761905,0.770913770913771,1
"479",33,2024-08-13,"Cantábrico Occ.",0.847826086956522,0.794133386867508,1
"480",33,2024-08-13,"Cantábrico Or.",0.808219178082192,0.723148152043005,0.945205479452055
"481",33,2024-08-13,"Duero",0.637895460797799,0.512017745106801,0.935688237477732
"482",33,2024-08-13,"Ebro",0.548684506408815,0.553203974238995,0.887881328603676
"483",33,2024-08-13,"Galicia Costa",0.860759493670886,0.73473090012064,0.936708860759494
"484",33,2024-08-13,"Guadalete-Barbate",0.237431859479104,0.49554409565251,0.943395997574287
"485",33,2024-08-13,"Guadalquivir",0.357635838875643,0.463179494404623,0.915145486197463
"486",33,2024-08-13,"Guadiana",0.427762633675823,0.496648292623369,0.919362434673621
"487",33,2024-08-13,"Júcar",0.42698295033358,0.320023039060995,0.607346182357302
"488",33,2024-08-13,"Med. Andaluza",0.267461669505963,0.471566987030728,0.814494477485132
"489",33,2024-08-13,"Miño-Sil",0.828729281767956,0.6120305656355,0.933701657458563
"490",33,2024-08-13,"Segura",0.186067019400353,0.270763102685081,0.723348017621145
"491",33,2024-08-13,"Tajo",0.544920525224603,0.41803305018452,0.702451838879159
"492",33,2024-08-13,"Tinto, Odiel, Piedras",0.794759825327511,0.69961057900623,0.989247311827957
"493",33,2024-08-13,"Total España",0.446976336546889,0.469048540811889,0.824849934099724
"494",34,2024-08-20,"C. I. Cataluña",0.323485967503693,0.613167774908736,0.941913746761266
"495",34,2024-08-20,"C. I. País Vasco",0.904761904761905,0.760617760617761,1
"496",34,2024-08-20,"Cantábrico Occ.",0.826086956521739,0.763953994546016,1
"497",34,2024-08-20,"Cantábrico Or.",0.794520547945205,0.702814547558929,0.945205479452055
"498",34,2024-08-20,"Duero",0.59869325997249,0.476922521271877,0.935688237477732
"499",34,2024-08-20,"Ebro",0.517202608500112,0.517287008238976,0.887881328603676
"500",34,2024-08-20,"Galicia Costa",0.848101265822785,0.712660028449502,0.936708860759494
"501",34,2024-08-20,"Guadalete-Barbate",0.231980617807389,0.485651504347313,0.943395997574287
"502",34,2024-08-20,"Guadalquivir",0.348098883172293,0.45170654674186,0.915145486197463
"503",34,2024-08-20,"Guadiana",0.420423568882365,0.488889481788973,0.919362434673621
"504",34,2024-08-20,"Júcar",0.418458117123795,0.312129390524871,0.607346182357302
"505",34,2024-08-20,"Med. Andaluza",0.259795570698467,0.462458779560895,0.814494477485132
"506",34,2024-08-20,"Miño-Sil",0.787292817679558,0.591648925367418,0.933701657458563
"507",34,2024-08-20,"Segura",0.179012345679012,0.263560715681689,0.723348017621145
"508",34,2024-08-20,"Tajo",0.531617138908086,0.403877742226097,0.702451838879159
"509",34,2024-08-20,"Tinto, Odiel, Piedras",0.689956331877729,0.688312228806322,0.989247311827957
"510",34,2024-08-20,"Total España",0.432180234056813,0.454208581612812,0.824849934099724
"511",35,2024-08-27,"C. I. Cataluña",0.316100443131462,0.599497509437802,0.941913746761266
"512",35,2024-08-27,"C. I. País Vasco",0.904761904761905,0.747619047619048,1
"513",35,2024-08-27,"Cantábrico Occ.",0.804347826086957,0.739560837085246,1
"514",35,2024-08-27,"Cantábrico Or.",0.808219178082192,0.691417272379376,0.945205479452055
"515",35,2024-08-27,"Duero",0.563617606602476,0.444854370846002,0.935688237477732
"516",35,2024-08-27,"Ebro",0.483696874297279,0.487275844219532,0.887881328603676
"517",35,2024-08-27,"Galicia Costa",0.822784810126582,0.69759349622774,0.936708860759494
"518",35,2024-08-27,"Guadalete-Barbate",0.227135069654755,0.476143161282066,0.943395997574287
"519",35,2024-08-27,"Guadalquivir",0.336805119839378,0.442006623150838,0.915145486197463
"520",35,2024-08-27,"Guadiana",0.41371356678549,0.481899415367267,0.919362434673621
"521",35,2024-08-27,"Júcar",0.405114899925871,0.303286832655656,0.607346182357302
"522",35,2024-08-27,"Med. Andaluza",0.25809199318569,0.454629509395933,0.814494477485132
"523",35,2024-08-27,"Miño-Sil",0.751381215469613,0.574551717662475,0.933701657458563
"524",35,2024-08-27,"Segura",0.171957671957672,0.255577105435952,0.723348017621145
"525",35,2024-08-27,"Tajo",0.518313752591569,0.390924652387163,0.702451838879159
"526",35,2024-08-27,"Tinto, Odiel, Piedras",0.77292576419214,0.680928146445178,0.989247311827957
"527",35,2024-08-27,"Total España",0.41833788730216,0.440933383473893,0.824849934099724
"528",36,2024-09-03,"C. I. Cataluña",0.308714918759232,0.593256131682285,0.941913746761266
"529",36,2024-09-03,"C. I. País Vasco",0.904761904761905,0.736164736164736,1
"530",36,2024-09-03,"Cantábrico Occ.",0.760869565217391,0.711737826777868,1
"531",36,2024-09-03,"Cantábrico Or.",0.780821917808219,0.682889811417349,0.945205479452055
"532",36,2024-09-03,"Duero",0.531980742778542,0.414991204641942,0.935688237477732
"533",36,2024-09-03,"Ebro",0.46345851135597,0.462076754693169,0.887881328603676
"534",36,2024-09-03,"Galicia Costa",0.79746835443038,0.672866737490322,0.936708860759494
"535",36,2024-09-03,"Guadalete-Barbate",0.22228952150212,0.468760290716781,0.943395997574287
"536",36,2024-09-03,"Guadalquivir",0.328146567950809,0.433169452740218,0.915145486197463
"537",36,2024-09-03,"Guadiana",0.407947158733487,0.476867313350932,0.919362434673621
"538",36,2024-09-03,"Júcar",0.396590066716086,0.296533413104585,0.607346182357302
"539",36,2024-09-03,"Med. Andaluza",0.251277683134583,0.446248038203097,0.814494477485132
"540",36,2024-09-03,"Miño-Sil",0.701657458563536,0.555961097229214,0.933701657458563
"541",36,2024-09-03,"Segura",0.167548500881834,0.249100840372101,0.723348017621145
"542",36,2024-09-03,"Tajo",0.508293020041465,0.37955829447231,0.702451838879159
"543",36,2024-09-03,"Tinto, Odiel, Piedras",0.764192139737991,0.671602975113557,0.989247311827957
"544",36,2024-09-03,"Total España",0.407021704387276,0.429545023524162,0.824849934099724
"545",37,2024-09-10,"C. I. Cataluña",0.302806499261448,0.586838196039694,0.941913746761266
"546",37,2024-09-10,"C. I. País Vasco",0.904761904761905,0.717889317889318,1
"547",37,2024-09-10,"Cantábrico Occ.",0.782608695652174,0.687150374337269,1
"548",37,2024-09-10,"Cantábrico Or.",0.780821917808219,0.670496754678977,0.945205479452055
"549",37,2024-09-10,"Duero",0.511691884456671,0.390206939484931,0.935688237477732
"550",37,2024-09-10,"Ebro",0.515403642905329,0.444795306686568,0.887881328603676
"551",37,2024-09-10,"Galicia Costa",0.784810126582278,0.651876226659704,0.936708860759494
"552",37,2024-09-10,"Guadalete-Barbate",0.219261053906723,0.462049259233414,0.943395997574287
"553",37,2024-09-10,"Guadalquivir",0.320240933617769,0.426060260107722,0.915145486197463
"554",37,2024-09-10,"Guadiana",0.403438876074649,0.472598530273935,0.919362434673621
"555",37,2024-09-10,"Júcar",0.39288361749444,0.292190507975358,0.607346182357302
"556",37,2024-09-10,"Med. Andaluza",0.244463373083475,0.437210983013355,0.814494477485132
"557",37,2024-09-10,"Miño-Sil",0.624309392265193,0.528411654947827,0.933701657458563
"558",37,2024-09-10,"Segura",0.165784832451499,0.243725531840565,0.723348017621145
"559",37,2024-09-10,"Tajo",0.498099516240498,0.368588139914243,0.702451838879159
"560",37,2024-09-10,"Tinto, Odiel, Piedras",0.759825327510917,0.665041921802105,0.989247311827957
"561",37,2024-09-10,"Total España",0.405707068103315,0.420125481615781,0.824849934099724
"562",38,2024-09-17,"C. I. Cataluña",0.298375184638109,0.578124515472156,0.941913746761266
"563",38,2024-09-17,"C. I. País Vasco",0.904761904761905,0.706435006435006,1
"564",38,2024-09-17,"Cantábrico Occ.",0.826086956521739,0.665303675414474,1
"565",38,2024-09-17,"Cantábrico Or.",0.808219178082192,0.657111296740122,0.945205479452055
"566",38,2024-09-17,"Duero",0.495529573590096,0.369836978862888,0.935688237477732
"567",38,2024-09-17,"Ebro",0.514054418709242,0.431100958272731,0.887881328603676
"568",38,2024-09-17,"Galicia Costa",0.772151898734177,0.635702324576409,0.936708860759494
"569",38,2024-09-17,"Guadalete-Barbate",0.215021199273168,0.456386758072083,0.943395997574287
"570",38,2024-09-17,"Guadalquivir",0.313966620655038,0.421607658042158,0.915145486197463
"571",38,2024-09-17,"Guadiana",0.399035437198574,0.468415946670736,0.919362434673621
"572",38,2024-09-17,"Júcar",0.388435878428466,0.289534965571737,0.607346182357302
"573",38,2024-09-17,"Med. Andaluza",0.240204429301533,0.430995117696021,0.814494477485132
"574",38,2024-09-17,"Miño-Sil",0.574585635359116,0.502278276501199,0.933701657458563
"575",38,2024-09-17,"Segura",0.161375661375661,0.239749417762017,0.723348017621145
"576",38,2024-09-17,"Tajo",0.487387698686938,0.360329903639549,0.702451838879159
"577",38,2024-09-17,"Tinto, Odiel, Piedras",0.733624454148472,0.653482019727741,0.989247311827957
"578",38,2024-09-17,"Total España",0.399005000773315,0.412597257468323,0.824849934099724
"579",39,2024-09-24,"C. I. Cataluña",0.292466765140325,0.574488799967472,0.941913746761266
"580",39,2024-09-24,"C. I. País Vasco",0.904761904761905,0.693436293436293,1
"581",39,2024-09-24,"Cantábrico Occ.",0.826086956521739,0.645674988529415,1
"582",39,2024-09-24,"Cantábrico Or.",0.821917808219178,0.645104724971475,0.945205479452055
"583",39,2024-09-24,"Duero",0.481430536451169,0.355872902425701,0.935688237477732
"584",39,2024-09-24,"Ebro",0.541938385428379,0.42685289536684,0.887881328603676
"585",39,2024-09-24,"Galicia Costa",0.746835443037975,0.618105947386427,0.936708860759494
"586",39,2024-09-24,"Guadalete-Barbate",0.211387038158692,0.452261051567571,0.943395997574287
"587",39,2024-09-24,"Guadalquivir",0.307441335173798,0.418529904859266,0.915145486197463
"588",39,2024-09-24,"Guadiana",0.396414342629482,0.466489113526793,0.919362434673621
"589",39,2024-09-24,"Júcar",0.389547813194959,0.287696820101933,0.607346182357302
"590",39,2024-09-24,"Med. Andaluza",0.233390119250426,0.426727927530806,0.814494477485132
"591",39,2024-09-24,"Miño-Sil",0.538674033149171,0.474725938806684,0.933701657458563
"592",39,2024-09-24,"Segura",0.163139329805996,0.235779524555419,0.723348017621145
"593",39,2024-09-24,"Tajo",0.480649619903248,0.35430759613048,0.702451838879159
"594",39,2024-09-24,"Tinto, Odiel, Piedras",0.720524017467249,0.648665431020388,0.989247311827957
"595",39,2024-09-24,"Total España",0.397381038304893,0.407963122292591,0.824849934099724
"596",40,2024-10-01,"C. I. Cataluña",0.288035450516987,0.569114466403232,0.941913746761266
"597",40,2024-10-01,"C. I. País Vasco",0.904761904761905,0.683011583011583,1
"598",40,2024-10-01,"Cantábrico Occ.",0.826086956521739,0.624456494625069,1
"599",40,2024-10-01,"Cantábrico Or.",0.835616438356164,0.638198968919899,0.945205479452055
"600",40,2024-10-01,"Duero",0.47455295735901,0.345757759549481,0.935688237477732
"601",40,2024-10-01,"Ebro",0.556330110186643,0.421555118593905,0.887881328603676
"602",40,2024-10-01,"Galicia Costa",0.835443037974684,0.610223814754128,0.936708860759494
"603",40,2024-10-01,"Guadalete-Barbate",0.207147183525136,0.448503584166955,0.943395997574287
"604",40,2024-10-01,"Guadalquivir",0.301417994729577,0.416222962015887,0.915145486197463
"605",40,2024-10-01,"Guadiana",0.394107779408681,0.465276281270075,0.919362434673621
"606",40,2024-10-01,"Júcar",0.386212008895478,0.286495025165004,0.607346182357302
"607",40,2024-10-01,"Med. Andaluza",0.229982964224872,0.422670003513076,0.814494477485132
"608",40,2024-10-01,"Miño-Sil",0.511049723756906,0.446649324520799,0.933701657458563
"609",40,2024-10-01,"Segura",0.158730158730159,0.23381116099652,0.723348017621145
"610",40,2024-10-01,"Tajo",0.475466482377332,0.349802118289151,0.702451838879159
"611",40,2024-10-01,"Tinto, Odiel, Piedras",0.716157205240175,0.642996189444681,0.989247311827957
"612",40,2024-10-01,"Total España",0.395138423467547,0.404353251573567,0.824849934099724
"613",41,2024-10-08,"C. I. Cataluña",0.285081240768095,0.564022366929096,0.941913746761266
"614",41,2024-10-08,"C. I. País Vasco",0.904761904761905,0.681595881595882,1
"615",41,2024-10-08,"Cantábrico Occ.",0.804347826086957,0.607953154722453,1
"616",41,2024-10-08,"Cantábrico Or.",0.89041095890411,0.638545806686784,0.945205479452055
"617",41,2024-10-08,"Duero",0.473539518900344,0.341979005245936,0.935688237477732
"618",41,2024-10-08,"Ebro",0.564425455363166,0.418984603367422,0.887881328603676
"619",41,2024-10-08,"Galicia Costa",0.784810126582278,0.597930208689702,0.936708860759494
"620",41,2024-10-08,"Guadalete-Barbate",0.204724409448819,0.44540401015365,0.943395997574287
"621",41,2024-10-08,"Guadalquivir",0.299033755803739,0.414841884111838,0.915145486197463
"622",41,2024-10-08,"Guadiana",0.392954497798281,0.464148743799739,0.919362434673621
"623",41,2024-10-08,"Júcar",0.383246849518162,0.285068716335018,0.607346182357302
"624",41,2024-10-08,"Med. Andaluza",0.224020442930153,0.417594713305967,0.814494477485132
"625",41,2024-10-08,"Miño-Sil",0.494475138121547,0.41476503515652,0.933701657458563
"626",41,2024-10-08,"Segura",0.153439153439153,0.231450216601302,0.723348017621145
"627",41,2024-10-08,"Tajo",0.472356599861783,0.346743075361174,0.702451838879159
"628",41,2024-10-08,"Tinto, Odiel, Piedras",0.703056768558952,0.63587522984012,0.989247311827957
"629",41,2024-10-08,"Total España",0.39380348489535,0.401749459139741,0.824849934099724
"630",42,2024-10-15,"C. I. Cataluña",0.276218611521418,0.570882503993336,0.941913746761266
"631",42,2024-10-15,"C. I. País Vasco",0.904761904761905,0.677734877734878,1
"632",42,2024-10-15,"Cantábrico Occ.",0.782608695652174,0.597256953712872,1
"633",42,2024-10-15,"Cantábrico Or.",0.89041095890411,0.635839745828096,0.945205479452055
"634",42,2024-10-15,"Duero",0.503436426116838,0.342171278854293,0.935688237477732
"635",42,2024-10-15,"Ebro",0.598156060265347,0.427401799035471,0.887881328603676
"636",42,2024-10-15,"Galicia Costa",0.784810126582278,0.593442209698039,0.936708860759494
"637",42,2024-10-15,"Guadalete-Barbate",0.205935796486978,0.442946920248263,0.943395997574287
"638",42,2024-10-15,"Guadalquivir",0.302421884803614,0.414438609510101,0.915145486197463
"639",42,2024-10-15,"Guadiana",0.393059341581044,0.459593098837969,0.919362434673621
"640",42,2024-10-15,"Júcar",0.379540400296516,0.285316955255172,0.607346182357302
"641",42,2024-10-15,"Med. Andaluza",0.219761499148211,0.414365901096387,0.814494477485132
"642",42,2024-10-15,"Miño-Sil",0.558011049723757,0.391766148236052,0.933701657458563
"643",42,2024-10-15,"Segura",0.147266313932981,0.230341647089577,0.723348017621145
"644",42,2024-10-15,"Tajo",0.476848652384243,0.346383367147118,0.702451838879159
"645",42,2024-10-15,"Tinto, Odiel, Piedras",0.703056768558952,0.639924065341425,0.989247311827957
"646",42,2024-10-15,"Total España",0.401201154758222,0.401082325019158,0.824849934099724
"647",43,2024-10-22,"C. I. Cataluña",0.27917282127031,0.574137024668057,0.941913746761266
"648",43,2024-10-22,"C. I. País Vasco",0.904761904761905,0.663577863577864,1
"649",43,2024-10-22,"Cantábrico Occ.",0.847826086956522,0.596200728920954,1
"650",43,2024-10-22,"Cantábrico Or.",0.904109589041096,0.632296030172975,0.945205479452055
"651",43,2024-10-22,"Duero",0.538831615120275,0.35274706078786,0.935688237477732
"652",43,2024-10-22,"Ebro",0.633011018664268,0.443614829467414,0.887881328603676
"653",43,2024-10-22,"Galicia Costa",0.772151898734177,0.603417541458847,0.936708860759494
"654",43,2024-10-22,"Guadalete-Barbate",0.211992731677771,0.442769035275397,0.943395997574287
"655",43,2024-10-22,"Guadalquivir",0.321997741247333,0.415843921348643,0.915145486197463
"656",43,2024-10-22,"Guadiana",0.401971063115957,0.464881539210718,0.919362434673621
"657",43,2024-10-22,"Júcar",0.377687175685693,0.285863939150629,0.607346182357302
"658",43,2024-10-22,"Med. Andaluza",0.218909710391823,0.414291654010454,0.814494477485132
"659",43,2024-10-22,"Miño-Sil",0.56353591160221,0.373396199646181,0.933701657458563
"660",43,2024-10-22,"Segura",0.141975308641975,0.227619689817906,0.723348017621145
"661",43,2024-10-22,"Tajo",0.491879751209399,0.350177047295041,0.702451838879159
"662",43,2024-10-22,"Tinto, Odiel, Piedras",0.7117903930131,0.650917232244256,0.989247311827957
"663",43,2024-10-22,"Total España",0.416486235694401,0.405543782790599,0.824849934099724
"664",44,2024-10-29,"C. I. Cataluña",0.283604135893648,0.57410975032753,0.941913746761266
"665",44,2024-10-29,"C. I. País Vasco",0.952380952380952,0.65971685971686,1
"666",44,2024-10-29,"Cantábrico Occ.",0.782608695652174,0.605706379831512,1
"667",44,2024-10-29,"Cantábrico Or.",0.904109589041096,0.621319688614911,0.945205479452055
"668",44,2024-10-29,"Duero",0.546048109965636,0.366002781339085,0.935688237477732
"669",44,2024-10-29,"Ebro",0.663368563076231,0.462067693128456,0.887881328603676
"670",44,2024-10-29,"Galicia Costa",0.759493670886076,0.615841691124836,0.936708860759494
"671",44,2024-10-29,"Guadalete-Barbate",0.211387038158692,0.443935202242764,0.943395997574287
"672",44,2024-10-29,"Guadalquivir",0.321997741247333,0.420046773794302,0.915145486197463
"673",44,2024-10-29,"Guadiana",0.402390438247012,0.467480420181718,0.919362434673621
"674",44,2024-10-29,"Júcar",0.38065233506301,0.287638728274297,0.607346182357302
"675",44,2024-10-29,"Med. Andaluza",0.216354344122658,0.413988891196855,0.814494477485132
"676",44,2024-10-29,"Miño-Sil",0.55524861878453,0.360235926534269,0.933701657458563
"677",44,2024-10-29,"Segura",0.14373897707231,0.226510454865348,0.723348017621145
"678",44,2024-10-29,"Tajo",0.491015894955079,0.356235896241464,0.702451838879159
"679",44,2024-10-29,"Tinto, Odiel, Piedras",0.703056768558952,0.666372246313083,0.989247311827957
"680",44,2024-10-29,"Total España",0.420507268790597,0.410939824259485,0.824849934099724
"681",45,2024-11-05,"C. I. Cataluña",0.317577548005908,0.582513266262936,0.941913746761266
"682",45,2024-11-05,"C. I. País Vasco",0.952380952380952,0.666151866151866,1
"683",45,2024-11-05,"Cantábrico Occ.",0.739130434782609,0.61425290958695,1
"684",45,2024-11-05,"Cantábrico Or.",0.917808219178082,0.624292063704505,0.945205479452055
"685",45,2024-11-05,"Duero",0.563230240549828,0.377666432067541,0.935688237477732
"686",45,2024-11-05,"Ebro",0.687654598605802,0.482898475365829,0.887881328603676
"687",45,2024-11-05,"Galicia Costa",0.746835443037975,0.629634297855484,0.936708860759494
"688",45,2024-11-05,"Guadalete-Barbate",0.272562083585706,0.44672755955504,0.943395997574287
"689",45,2024-11-05,"Guadalquivir",0.344836240431673,0.424812882718821,0.915145486197463
"690",45,2024-11-05,"Guadiana",0.411092472216398,0.47019982018336,0.919362434673621
"691",45,2024-11-05,"Júcar",0.456263899184581,0.290831088166159,0.607346182357302
"692",45,2024-11-05,"Med. Andaluza",0.269165247018739,0.415649998053156,0.814494477485132
"693",45,2024-11-05,"Miño-Sil",0.535911602209945,0.352023294012244,0.933701657458563
"694",45,2024-11-05,"Segura",0.177248677248677,0.226817572626296,0.723348017621145
"695",45,2024-11-05,"Tajo",0.508984105044921,0.362351342867445,0.702451838879159
"696",45,2024-11-05,"Tinto, Odiel, Piedras",0.764192139737991,0.679427480689554,0.989247311827957
"697",45,2024-11-05,"Total España",0.445252087844108,0.417116409756963,0.824849934099724
"698",46,2024-11-12,"C. I. Cataluña",0.333825701624815,0.585051413120228,0.941913746761266
"699",46,2024-11-12,"C. I. País Vasco",0.952380952380952,0.686743886743887,1
"700",46,2024-11-12,"Cantábrico Occ.",0.695652173913043,0.654670990832179,1
"701",46,2024-11-12,"Cantábrico Or.",0.89041095890411,0.638646605372049,0.945205479452055
"702",46,2024-11-12,"Duero",0.568041237113402,0.391075341582231,0.935688237477732
"703",46,2024-11-12,"Ebro",0.698223521475152,0.500275846742515,0.887881328603676
"704",46,2024-11-12,"Galicia Costa",0.759493670886076,0.637516430487783,0.936708860759494
"705",46,2024-11-12,"Guadalete-Barbate",0.274984857662023,0.44896466363693,0.943395997574287
"706",46,2024-11-12,"Guadalquivir",0.346718534320492,0.429769052527988,0.915145486197463
"707",46,2024-11-12,"Guadiana",0.41172153491298,0.472249295893556,0.919362434673621
"708",46,2024-11-12,"Júcar",0.461452928094885,0.294571459109036,0.607346182357302
"709",46,2024-11-12,"Med. Andaluza",0.27427597955707,0.418741641218437,0.814494477485132
"710",46,2024-11-12,"Miño-Sil",0.511049723756906,0.353665820516649,0.933701657458563
"711",46,2024-11-12,"Segura",0.18694885361552,0.229762735243306,0.723348017621145
"712",46,2024-11-12,"Tajo",0.511402902557014,0.367347045417342,0.702451838879159
"713",46,2024-11-12,"Tinto, Odiel, Piedras",0.764192139737991,0.686962405463679,0.989247311827957
"714",46,2024-11-12,"Total España",0.448602948757604,0.423020829416486,0.824849934099724
"715",47,2024-11-19,"C. I. Cataluña",0.344165435745938,0.592958067901089,0.941913746761266
"716",47,2024-11-19,"C. I. País Vasco",0.952380952380952,0.691891891891892,1
"717",47,2024-11-19,"Cantábrico Occ.",0.739130434782609,0.674948674418452,1
"718",47,2024-11-19,"Cantábrico Or.",0.89041095890411,0.646709916131369,0.945205479452055
"719",47,2024-11-19,"Duero",0.572164948453608,0.404849208805153,0.935688237477732
"720",47,2024-11-19,"Ebro",0.698898133573195,0.513881615077727,0.887881328603676
"721",47,2024-11-19,"Galicia Costa",0.746835443037975,0.641977420458433,0.936708860759494
"722",47,2024-11-19,"Guadalete-Barbate",0.281647486371896,0.449947199797907,0.943395997574287
"723",47,2024-11-19,"Guadalquivir",0.34910277324633,0.433176298999197,0.915145486197463
"724",47,2024-11-19,"Guadiana",0.413608723002726,0.474824937378071,0.919362434673621
"725",47,2024-11-19,"Júcar",0.467383246849518,0.296413310190649,0.607346182357302
"726",47,2024-11-19,"Med. Andaluza",0.29557069846678,0.422774057285114,0.814494477485132
"727",47,2024-11-19,"Miño-Sil",0.469613259668508,0.356129610273257,0.933701657458563
"728",47,2024-11-19,"Segura",0.191358024691358,0.230589860820116,0.723348017621145
"729",47,2024-11-19,"Tajo",0.511575673807878,0.37121307815254,0.702451838879159
"730",47,2024-11-19,"Tinto, Odiel, Piedras",0.803493449781659,0.700332618856355,0.989247311827957
"731",47,2024-11-19,"Total España",0.451489844313847,0.427999794803066,0.824849934099724
"732",48,2024-11-26,"C. I. Cataluña",0.345642540620384,0.596894022941118,0.941913746761266
"733",48,2024-11-26,"C. I. País Vasco",0.952380952380952,0.726769626769627,1
"734",48,2024-11-26,"Cantábrico Occ.",0.804347826086957,0.690045597786849,1
"735",48,2024-11-26,"Cantábrico Or.",0.876712328767123,0.675911161638601,0.945205479452055
"736",48,2024-11-26,"Duero",0.577319587628866,0.422506186650899,0.935688237477732
"737",48,2024-11-26,"Ebro",0.695749943782325,0.533030105545424,0.887881328603676
"738",48,2024-11-26,"Galicia Costa",0.746835443037975,0.65087239137872,0.936708860759494
"739",48,2024-11-26,"Guadalete-Barbate",0.284675953967293,0.458350670908485,0.943395997574287
"740",48,2024-11-26,"Guadalquivir",0.348349855690802,0.440610049216498,0.915145486197463
"741",48,2024-11-26,"Guadiana",0.413399035437199,0.478202072562465,0.919362434673621
"742",48,2024-11-26,"Júcar",0.469236471460341,0.299046032328474,0.607346182357302
"743",48,2024-11-26,"Med. Andaluza",0.296422487223169,0.428350775686057,0.814494477485132
"744",48,2024-11-26,"Miño-Sil",0.447513812154696,0.364416903090936,0.933701657458563
"745",48,2024-11-26,"Segura",0.199294532627866,0.232927571334483,0.723348017621145
"746",48,2024-11-26,"Tajo",0.512785072563925,0.379169605739316,0.702451838879159
"747",48,2024-11-26,"Tinto, Odiel, Piedras",0.816593886462882,0.70967559466206,0.989247311827957
"748",48,2024-11-26,"Total España",0.4519538096711,0.435911550571066,0.824849934099724
"749",49,2024-12-03,"C. I. Cataluña",0.345642540620384,0.601390653538266,0.941913746761266
"750",49,2024-12-03,"C. I. País Vasco",0.952380952380952,0.751222651222651,1
"751",49,2024-12-03,"Cantábrico Occ.",0.782608695652174,0.710014155401218,1
"752",49,2024-12-03,"Cantábrico Or.",0.863013698630137,0.70262202215008,0.945205479452055
"753",49,2024-12-03,"Duero",0.591408934707904,0.437295032316641,0.935688237477732
"754",49,2024-12-03,"Ebro",0.702271194063414,0.547501993991115,0.887881328603676
"755",49,2024-12-03,"Galicia Costa",0.746835443037975,0.664241856780165,0.936708860759494
"756",49,2024-12-03,"Guadalete-Barbate",0.285281647486372,0.46215475985565,0.943395997574287
"757",49,2024-12-03,"Guadalquivir",0.349353745764839,0.446400078251769,0.915145486197463
"758",49,2024-12-03,"Guadiana",0.413189347871671,0.480495691738308,0.919362434673621
"759",49,2024-12-03,"Júcar",0.472201630837658,0.302176603710637,0.607346182357302
"760",49,2024-12-03,"Med. Andaluza",0.296422487223169,0.434718484191997,0.814494477485132
"761",49,2024-12-03,"Miño-Sil",0.425414364640884,0.383007316708974,0.933701657458563
"762",49,2024-12-03,"Segura",0.204585537918871,0.235686768510222,0.723348017621145
"763",49,2024-12-03,"Tajo",0.513476157567381,0.384817463351038,0.702451838879159
"764",49,2024-12-03,"Tinto, Odiel, Piedras",0.825327510917031,0.716607472192385,0.989247311827957
"765",49,2024-12-03,"Total España",0.454196308897825,0.442166015457824,0.824849934099724
"766",50,2024-12-10,"C. I. Cataluña",0.345642540620384,0.606874701098464,0.941913746761266
"767",50,2024-12-10,"C. I. País Vasco",1,0.766537966537967,1
"768",50,2024-12-10,"Cantábrico Occ.",0.760869565217391,0.710592269977212,1
"769",50,2024-12-10,"Cantábrico Or.",0.863013698630137,0.716685949010711,0.945205479452055
"770",50,2024-12-10,"Duero",0.599656357388316,0.458258836556811,0.935688237477732
"771",50,2024-12-10,"Ebro",0.711715763436024,0.562427018741109,0.887881328603676
"772",50,2024-12-10,"Galicia Costa",0.759493670886076,0.664570466535823,0.936708860759494
"773",50,2024-12-10,"Guadalete-Barbate",0.284675953967293,0.468386759612703,0.943395997574287
"774",50,2024-12-10,"Guadalquivir",0.349730204542603,0.449944440739161,0.915145486197463
"775",50,2024-12-10,"Guadiana",0.412769972740616,0.485850090706122,0.919362434673621
"776",50,2024-12-10,"Júcar",0.474425500370645,0.305168696632741,0.607346182357302
"777",50,2024-12-10,"Med. Andaluza",0.29557069846678,0.438387224296851,0.814494477485132
"778",50,2024-12-10,"Miño-Sil",0.400552486187845,0.400701806779155,0.933701657458563
"779",50,2024-12-10,"Segura",0.209876543209877,0.239915390979481,0.723348017621145
"780",50,2024-12-10,"Tajo",0.513130615065653,0.391696774331593,0.702451838879159
"781",50,2024-12-10,"Tinto, Odiel, Piedras",0.838427947598253,0.724767254776811,0.989247311827957
"782",50,2024-12-10,"Total España",0.455949066914115,0.449393299037786,0.824849934099724
"783",51,2024-12-17,"C. I. Cataluña",0.341211225997046,0.606710385997253,0.941913746761266
"784",51,2024-12-17,"C. I. País Vasco",1,0.780823680823681,1
"785",51,2024-12-17,"Cantábrico Occ.",0.717391304347826,0.700350541283733,1
"786",51,2024-12-17,"Cantábrico Or.",0.89041095890411,0.732270802098647,0.945205479452055
"787",51,2024-12-17,"Duero",0.607903780068728,0.478451794835573,0.935688237477732
"788",51,2024-12-17,"Ebro",0.727231841691028,0.58184472615223,0.887881328603676
"789",51,2024-12-17,"Galicia Costa",0.746835443037975,0.663980769577039,0.936708860759494
"790",51,2024-12-17,"Guadalete-Barbate",0.284070260448213,0.480301522973174,0.943395997574287
"791",51,2024-12-17,"Guadalquivir",0.350734094616639,0.45740565532544,0.915145486197463
"792",51,2024-12-17,"Guadiana",0.412455441392325,0.493528894999933,0.919362434673621
"793",51,2024-12-17,"Júcar",0.478502594514455,0.310417107540737,0.607346182357302
"794",51,2024-12-17,"Med. Andaluza",0.294718909710392,0.445870444288808,0.814494477485132
"795",51,2024-12-17,"Miño-Sil",0.38121546961326,0.412572793788263,0.933701657458563
"796",51,2024-12-17,"Segura",0.213403880070547,0.244613680252385,0.723348017621145
"797",51,2024-12-17,"Tajo",0.511057360055287,0.400698050269621,0.702451838879159
"798",51,2024-12-17,"Tinto, Odiel, Piedras",0.838427947598253,0.740826592002433,0.989247311827957
"799",51,2024-12-17,"Total España",0.45821734199402,0.459032473904962,0.824849934099724
"800",52,2024-12-24,"C. I. Cataluña",0.3397341211226,0.606377445478299,0.941913746761266
"801",52,2024-12-24,"C. I. País Vasco",0.952380952380952,0.78983268983269,1
"802",52,2024-12-24,"Cantábrico Occ.",0.695652173913043,0.700127087189653,1
"803",52,2024-12-24,"Cantábrico Or.",0.835616438356164,0.740848623399172,0.945205479452055
"804",52,2024-12-24,"Duero",0.627491408934708,0.503380269237808,0.935688237477732
"805",52,2024-12-24,"Ebro",0.741623566449292,0.597965702950324,0.887881328603676
"806",52,2024-12-24,"Galicia Costa",0.746835443037975,0.670615985739237,0.936708860759494
"807",52,2024-12-24,"Guadalete-Barbate",0.283464566929134,0.492471337524909,0.943395997574287
"808",52,2024-12-24,"Guadalquivir",0.350985067135149,0.470987710431788,0.915145486197463
"809",52,2024-12-24,"Guadiana",0.412560285175089,0.502768095610539,0.919362434673621
"810",52,2024-12-24,"Júcar",0.478502594514455,0.315677501027165,0.607346182357302
"811",52,2024-12-24,"Med. Andaluza",0.293015332197615,0.458841502748216,0.814494477485132
"812",52,2024-12-24,"Miño-Sil",0.37292817679558,0.428550097058384,0.933701657458563
"813",52,2024-12-24,"Segura",0.214285714285714,0.252434967153084,0.723348017621145
"814",52,2024-12-24,"Tajo",0.510884588804423,0.40995015698544,0.702451838879159
"815",52,2024-12-24,"Tinto, Odiel, Piedras",0.834061135371179,0.766209790347945,0.989247311827957
"816",52,2024-12-24,"Total España",0.461052685843901,0.470569982666496,0.824849934099724
"817",1,2025-01-07,"C. I. Cataluña",0.333825701624815,0.616594606579087,0.941913746761266
"818",1,2025-01-07,"C. I. País Vasco",0.952380952380952,0.78859649122807,1
"819",1,2025-01-07,"Cantábrico Occ.",0.739130434782609,0.705493865857362,1
"820",1,2025-01-07,"Cantábrico Or.",0.835616438356164,0.742400976694778,0.945205479452055
"821",1,2025-01-07,"Duero",0.65360824742268,0.530631052992868,0.935688237477732
"822",1,2025-01-07,"Ebro",0.75444119631212,0.61277307700148,0.887881328603676
"823",1,2025-01-07,"Galicia Costa",0.759493670886076,0.672310564886567,0.936708860759494
"824",1,2025-01-07,"Guadalete-Barbate",0.282858873410055,0.512401828879825,0.943395997574287
"825",1,2025-01-07,"Guadalquivir",0.351361525912913,0.484029139953924,0.915145486197463
"826",1,2025-01-07,"Guadiana",0.412455441392325,0.514899175572325,0.919362434673621
"827",1,2025-01-07,"Júcar",0.482209043736101,0.321881022161621,0.607346182357302
"828",1,2025-01-07,"Med. Andaluza",0.289608177172061,0.464907135497092,0.814494477485132
"829",1,2025-01-07,"Miño-Sil",0.392265193370166,0.458310813151088,0.933701657458563
"830",1,2025-01-07,"Segura",0.210758377425044,0.260140097572304,0.723348017621145
"831",1,2025-01-07,"Tajo",0.511575673807878,0.42157213863277,0.702451838879159
"832",1,2025-01-07,"Tinto, Odiel, Piedras",0.820960698689956,0.784865107320828,0.989247311827957
"833",1,2025-01-07,"Total España",0.464738632848747,0.483600815212078,0.824849934099724
"834",2,2025-01-14,"C. I. Cataluña",0.330871491875923,0.612680872087504,0.941913746761266
"835",2,2025-01-14,"C. I. País Vasco",1,0.796115288220551,1
"836",2,2025-01-14,"Cantábrico Occ.",0.739130434782609,0.71964738460005,1
"837",2,2025-01-14,"Cantábrico Or.",0.821917808219178,0.742082789701889,0.945205479452055
"838",2,2025-01-14,"Duero",0.693470790378007,0.553995388892468,0.935688237477732
"839",2,2025-01-14,"Ebro",0.762761412187992,0.626003737778346,0.887881328603676
"840",2,2025-01-14,"Galicia Costa",0.746835443037975,0.686112766927312,0.936708860759494
"841",2,2025-01-14,"Guadalete-Barbate",0.285887341005451,0.518820482746469,0.943395997574287
"842",2,2025-01-14,"Guadalquivir",0.352490902246204,0.48912691290797,0.915145486197463
"843",2,2025-01-14,"Guadiana",0.413189347871671,0.52793018573982,0.919362434673621
"844",2,2025-01-14,"Júcar",0.484803558191253,0.328412396513203,0.607346182357302
"845",2,2025-01-14,"Med. Andaluza",0.289608177172061,0.469812882314073,0.814494477485132
"846",2,2025-01-14,"Miño-Sil",0.43646408839779,0.483030321092826,0.933701657458563
"847",2,2025-01-14,"Segura",0.207231040564374,0.266597438073459,0.723348017621145
"848",2,2025-01-14,"Tajo",0.515031098825156,0.430951631523792,0.702451838879159
"849",2,2025-01-14,"Tinto, Odiel, Piedras",0.820960698689956,0.791498538818769,0.989247311827957
"850",2,2025-01-14,"Total España",0.470151562016703,0.493568471514735,0.824849934099724
"851",3,2025-01-21,"C. I. Cataluña",0.329394387001477,0.612787044226358,0.941913746761266
"852",3,2025-01-21,"C. I. País Vasco",1,0.79749373433584,1
"853",3,2025-01-21,"Cantábrico Occ.",0.760869565217391,0.714708124906588,1
"854",3,2025-01-21,"Cantábrico Or.",0.821917808219178,0.748517840987515,0.945205479452055
"855",3,2025-01-21,"Duero",0.705841924398625,0.568686705316213,0.935688237477732
"856",3,2025-01-21,"Ebro",0.762536541488644,0.635405286686429,0.887881328603676
"857",3,2025-01-21,"Galicia Costa",0.746835443037975,0.687138398962095,0.936708860759494
"858",3,2025-01-21,"Guadalete-Barbate",0.284675953967293,0.527730662784932,0.943395997574287
"859",3,2025-01-21,"Guadalquivir",0.351863470949931,0.499555893816094,0.915145486197463
"860",3,2025-01-21,"Guadiana",0.413399035437199,0.53579746370342,0.919362434673621
"861",3,2025-01-21,"Júcar",0.485915492957746,0.334259780702139,0.607346182357302
"862",3,2025-01-21,"Med. Andaluza",0.288756388415673,0.475810244877316,0.814494477485132
"863",3,2025-01-21,"Miño-Sil",0.464088397790055,0.502805323328063,0.933701657458563
"864",3,2025-01-21,"Segura",0.206349206349206,0.272104221944104,0.723348017621145
"865",3,2025-01-21,"Tajo",0.514858327574292,0.438259400383439,0.702451838879159
"866",3,2025-01-21,"Tinto, Odiel, Piedras",0.820960698689956,0.792364988263595,0.989247311827957
"867",3,2025-01-21,"Total España",0.471182596143932,0.502101054152881,0.824849934099724
"868",4,2025-01-28,"C. I. Cataluña",0.323485967503693,0.620085227715032,0.941913746761266
"869",4,2025-01-28,"C. I. País Vasco",1,0.827568922305764,1
"870",4,2025-01-28,"Cantábrico Occ.",0.717391304347826,0.736223939111584,1
"871",4,2025-01-28,"Cantábrico Or.",0.821917808219178,0.767206155034618,0.945205479452055
"872",4,2025-01-28,"Duero",0.752233676975945,0.585601887100489,0.935688237477732
"873",4,2025-01-28,"Ebro",0.770182145266472,0.650645634499747,0.887881328603676
"874",4,2025-01-28,"Galicia Costa",0.784810126582278,0.70224674778218,0.936708860759494
"875",4,2025-01-28,"Guadalete-Barbate",0.285281647486372,0.53464981083969,0.943395997574287
"876",4,2025-01-28,"Guadalquivir",0.376458777763835,0.506694431831571,0.915145486197463
"877",4,2025-01-28,"Guadiana",0.44275529461103,0.541008343645714,0.919362434673621
"878",4,2025-01-28,"Júcar",0.487768717568569,0.341459064351944,0.607346182357302
"879",4,2025-01-28,"Med. Andaluza",0.287904599659284,0.481321794179006,0.814494477485132
"880",4,2025-01-28,"Miño-Sil",0.483425414364641,0.515237672163605,0.933701657458563
"881",4,2025-01-28,"Segura",0.204585537918871,0.277914458677833,0.723348017621145
"882",4,2025-01-28,"Tajo",0.544229440221147,0.447701583998615,0.702451838879159
"883",4,2025-01-28,"Tinto, Odiel, Piedras",0.921397379912664,0.800253785638838,0.989247311827957
"884",4,2025-01-28,"Total España",0.492963192081658,0.510844371404014,0.824849934099724
